{"cameraMode":{"drawMode":0,"name":"Shaded","section":"Shading Mode"},"sceneLighting":false,"audioPlay":false,"sceneViewState":{"showFog":true,"showMaterialUpdate":true,"showSkybox":false,"showFlares":true,"showImageEffects":true,"showParticleSystems":true},"in2DMode":false,"pivot":{"x":-0.11591088771820069,"y":0.8799999952316284,"z":-2.5199999809265138},"rotation":{"x":0.2799552083015442,"y":0.02045423910021782,"z":-0.005967305041849613,"w":0.9597765803337097},"size":1.4289418458938599,"orthographic":false}