{"cameraMode":{"drawMode":0,"name":"Shaded","section":"Shading Mode"},"sceneLighting":true,"audioPlay":false,"sceneViewState":{"showFog":true,"showMaterialUpdate":true,"showSkybox":true,"showFlares":true,"showImageEffects":true,"showParticleSystems":true},"in2DMode":false,"pivot":{"x":-1.1019436120986939,"y":-0.026166915893554689,"z":3.4132795333862306},"rotation":{"x":0.28575974702835085,"y":-0.009767292067408562,"z":0.0029114873614162208,"w":0.9582471251487732},"size":16.369606018066408,"orthographic":false}